soubor,rozliseni,scena,popis
p_trenink_gear.jpg,5120,3840,trenink,"Den 1 · trénink: příprava náčiní (Petr Hrabalík, Miroslav Kučera)"
p_selfie_lake.jpg,4032,3024,prijezd,"Selfie u jezera ráno (Denis Zaikin, Martin Stoklasa)"
g_zmena_sestavy.png,1080,1080,—,"Grafika TA CZ: změna v sestavě (M. Stoklasa nastupuje)"
p_trenink_gear_dup.jpg,1600,1200,—,"Duplikát trénink (menší)"
g_losovani_den1.png,3840,2300,losovani,"Grafika TA CZ: losování 1. den, soupeři v sektoru"
p_team_romania.jpg,2048,1536,pratele,"Tým Rumunsko u jezera"
g_team_moldova.jpg,1133,1600,pratele,"Plakát tým Moldavsko"
g_team_germany.jpg,1600,900,pratele,"Plakát tým Německo"
g_team_slovakia.jpg,1534,1023,pratele,"Plakát tým Slovensko"
g_team_bulgaria.jpg,915,1099,pratele,"Plakát tým Bulharsko"
g_team_hungary.jpg,1200,628,pratele,"Plakát tým Maďarsko"
g_team_poland.jpg,1536,1024,pratele,"Plakát tým Polsko"
g_team_belgium.jpg,984,1223,pratele,"Plakát tým Belgie"
g_event_banner.jpg,1200,626,pratele,"Banner H-BATTLE 2026, 13 vlajek"
p_lake_mist.jpg,1620,1080,prijezd,"Hofer Lake v ranní mlze"
p_trophies.jpg,2048,1426,zahajeni,"Poháry a plakety H-BATTLE"
p_ceremony_hall.jpg,2048,1366,zahajeni,"Zahájení: sál, tým ČR v řadě"
p_stage_cz.jpg,1448,1086,prezentace,"Tým ČR na pódiu s vlajkou, smích"
p_winners.png,1448,1086,final,"Vítězové: pohár 1st PLACE, medaile, šampaňské"
p_cheers.jpg,4032,3024,vtip,"Přípitek týmu (zákulisí)"
p_trophies_v.jpg,—,"Poháry a plakety (na výšku)"
p_plaque_1st.jpg,final,"Plaketa 1st PLACE, detail"
p_lunch.jpg,vtip,"Oběd: guláš, selfie týmu"
p_landing1.jpg,trenink,"Podebírání pstruha, ostrůvek v pozadí"
p_landing2.jpg,trenink,"Podebírání, cákance"
p_net_close.jpg,trenink,"Ryba v podběráku, akreditace M. Stoklasa"
p_training_plan.jpg,trenink,"Training plan + káva"
p_green_fish.jpg,trenink,"Úlovek v podběráku, pohled shora"
p_reeling.jpg,trenink,"Navíjení, profil"
p_tying_ms.jpg,trenink,"Vázání, podzimní les"
p_tying_young.jpg,trenink,"Vázání, mladý závodník"
p_portrait_dres.jpg,prezentace,"Portrét v dresu TA CZ"
p_car.jpg,prijezd,"Cesta autem (selfie)"
